category,region,method,observations,actual_units,MAE,WAPE,bias,wape_rank,is_best_wape
auto,Central-West,moving_average,13,62.0,2.230769230769231,0.46774193548387094,-0.23076923076923078,1.0,True
auto,Central-West,ridge,13,62.0,2.9350827751471025,0.6154205818856828,-1.249805388191805,2.0,False
auto,Central-West,last_week,13,62.0,3.3076923076923075,0.6935483870967742,-0.07692307692307693,3.0,False
auto,North,moving_average,13,21.0,1.3653846153846154,0.8452380952380952,-0.09615384615384616,1.0,True
auto,North,last_week,13,21.0,1.5384615384615385,0.9523809523809523,0.0,2.0,False
auto,North,ridge,13,21.0,1.5402270448464996,0.953473884904976,-0.9704274593001152,3.0,False
auto,Northeast,moving_average,13,119.0,4.211538461538462,0.46008403361344535,-0.7884615384615384,1.0,True
auto,Northeast,ridge,13,119.0,4.5254134398322,0.4943728967883916,-1.8309331062037548,2.0,False
auto,Northeast,last_week,13,119.0,5.153846153846154,0.5630252100840336,-0.07692307692307693,3.0,False
auto,South,moving_average,13,157.0,3.0,0.2484076433121019,-0.6538461538461539,1.0,True
auto,South,ridge,13,157.0,3.3395525542151865,0.2765234599031683,-1.4174915165400017,2.0,False
auto,South,last_week,13,157.0,3.769230769230769,0.31210191082802546,-0.38461538461538464,3.0,False
auto,Southeast,ridge,13,673.0,13.755472615323196,0.26570749479821926,-0.10462200552952357,1.0,True
auto,Southeast,last_week,13,673.0,14.846153846153847,0.2867756315007429,-1.1538461538461537,2.0,False
auto,Southeast,moving_average,13,673.0,17.653846153846153,0.3410104011887073,-2.6538461538461537,3.0,False
bed_bath_table,Central-West,ridge,13,88.0,2.830399528277265,0.4181272030409596,1.2436960175713168,1.0,True
bed_bath_table,Central-West,moving_average,13,88.0,2.923076923076923,0.4318181818181818,-0.038461538461538464,2.0,False
bed_bath_table,Central-West,last_week,13,88.0,3.3076923076923075,0.48863636363636365,0.23076923076923078,3.0,False
bed_bath_table,North,moving_average,13,7.0,0.7884615384615384,1.4642857142857142,0.09615384615384616,1.0,True
bed_bath_table,North,last_week,13,7.0,1.0,1.8571428571428572,0.07692307692307693,2.0,False
bed_bath_table,North,ridge,13,7.0,1.5911565466057307,2.9550050151249283,1.30602626564036,3.0,False
bed_bath_table,Northeast,moving_average,13,90.0,3.673076923076923,0.5305555555555556,0.5192307692307693,1.0,True
bed_bath_table,Northeast,ridge,13,90.0,4.594342707880592,0.6636272800271965,2.0848321150273303,2.0,False
bed_bath_table,Northeast,last_week,13,90.0,5.153846153846154,0.7444444444444445,0.23076923076923078,3.0,False
bed_bath_table,South,moving_average,13,233.0,6.634615384615385,0.3701716738197425,0.4807692307692308,1.0,True
bed_bath_table,South,ridge,13,233.0,7.33935897795721,0.4094921318173551,1.995190962042496,2.0,False
bed_bath_table,South,last_week,13,233.0,8.615384615384615,0.48068669527896996,0.6153846153846154,3.0,False
bed_bath_table,Southeast,ridge,13,1698.0,32.16619246010627,0.24626649115511276,-3.9829382211958606,1.0,True
bed_bath_table,Southeast,last_week,13,1698.0,34.61538461538461,0.26501766784452296,1.0769230769230769,2.0,False
bed_bath_table,Southeast,moving_average,13,1698.0,38.75,0.2966725559481743,0.1346153846153846,3.0,False
computers_accessories,Central-West,ridge,13,61.0,2.5867860543413004,0.5512822738760148,0.30345426580967366,1.0,True
computers_accessories,Central-West,last_week,13,61.0,3.0,0.639344262295082,0.07692307692307693,2.0,False
computers_accessories,Central-West,moving_average,13,61.0,3.4423076923076925,0.7336065573770492,0.1346153846153846,3.0,False
computers_accessories,North,last_week,13,27.0,2.076923076923077,1.0,0.07692307692307693,1.0,True
computers_accessories,North,ridge,13,27.0,2.2530226870315975,1.084788701163362,-0.20355816740683033,2.0,False
computers_accessories,North,moving_average,13,27.0,2.8846153846153846,1.3888888888888888,0.19230769230769232,3.0,False
computers_accessories,Northeast,moving_average,13,118.0,2.980769230769231,0.3283898305084746,1.0961538461538463,1.0,True
computers_accessories,Northeast,ridge,13,118.0,3.4411622694204294,0.3791110974785219,1.1787284417892012,2.0,False
computers_accessories,Northeast,last_week,13,118.0,3.923076923076923,0.4322033898305085,0.6923076923076923,3.0,False
computers_accessories,South,moving_average,13,183.0,4.038461538461538,0.28688524590163933,0.3076923076923077,1.0,True
computers_accessories,South,ridge,13,183.0,4.539562914666272,0.32248261142437995,0.31329397844701856,2.0,False
computers_accessories,South,last_week,13,183.0,4.615384615384615,0.32786885245901637,0.3076923076923077,3.0,False
computers_accessories,Southeast,ridge,13,894.0,18.865854102720377,0.2743356860574552,1.1840154340398312,1.0,True
computers_accessories,Southeast,last_week,13,894.0,21.692307692307693,0.31543624161073824,0.0,2.0,False
computers_accessories,Southeast,moving_average,13,894.0,21.807692307692307,0.31711409395973156,-0.8076923076923077,3.0,False
furniture_decor,Central-West,ridge,13,55.0,2.2546768757294426,0.5329236251724138,1.141333961364274,1.0,True
furniture_decor,Central-West,moving_average,13,55.0,2.4038461538461537,0.5681818181818182,1.2884615384615385,2.0,False
furniture_decor,Central-West,last_week,13,55.0,2.923076923076923,0.6909090909090909,0.6153846153846154,3.0,False
furniture_decor,North,moving_average,13,25.0,2.1538461538461537,1.12,0.19230769230769232,1.0,True
furniture_decor,North,ridge,13,25.0,2.205070512705054,1.146636666606628,-0.270501317414467,2.0,False
furniture_decor,North,last_week,13,25.0,2.5384615384615383,1.32,0.07692307692307693,3.0,False
furniture_decor,Northeast,moving_average,13,90.0,2.9038461538461537,0.41944444444444445,0.5961538461538461,1.0,True
furniture_decor,Northeast,ridge,13,90.0,3.090329831070584,0.44638097559908435,0.628686452464274,2.0,False
furniture_decor,Northeast,last_week,13,90.0,4.0,0.5777777777777777,0.3076923076923077,3.0,False
furniture_decor,South,ridge,13,260.0,7.899816437330302,0.39499082186651513,0.22929903545949443,1.0,True
furniture_decor,South,last_week,13,260.0,10.0,0.5,-0.15384615384615385,2.0,False
furniture_decor,South,moving_average,13,260.0,10.038461538461538,0.5019230769230769,0.5384615384615384,3.0,False
furniture_decor,Southeast,ridge,13,891.0,22.971703608702878,0.3351651480506593,3.827454174708348,1.0,True
furniture_decor,Southeast,moving_average,13,891.0,23.98076923076923,0.3498877665544332,3.25,2.0,False
furniture_decor,Southeast,last_week,13,891.0,25.0,0.36475869809203143,1.0,3.0,False
garden_tools,Central-West,ridge,13,22.0,1.7992766898809367,1.0632089531114626,-0.3614585755099109,1.0,True
garden_tools,Central-West,moving_average,13,22.0,1.8269230769230769,1.0795454545454546,0.28846153846153844,2.0,False
garden_tools,Central-West,last_week,13,22.0,2.076923076923077,1.2272727272727273,0.07692307692307693,3.0,False
garden_tools,North,ridge,13,7.0,0.5905964405447498,1.096821961011678,-0.4863266363783272,1.0,True
garden_tools,North,moving_average,13,7.0,0.6730769230769231,1.25,0.17307692307692307,2.0,False
garden_tools,North,last_week,13,7.0,0.7692307692307693,1.4285714285714286,0.0,3.0,False
garden_tools,Northeast,moving_average,13,45.0,1.6730769230769231,0.48333333333333334,0.09615384615384616,1.0,True
garden_tools,Northeast,ridge,13,45.0,2.1905749773605234,0.6328327712374845,-0.26394497645138065,2.0,False
garden_tools,Northeast,last_week,13,45.0,2.5384615384615383,0.7333333333333333,0.07692307692307693,3.0,False
garden_tools,South,moving_average,13,65.0,3.2884615384615383,0.6576923076923077,1.1346153846153846,1.0,True
garden_tools,South,ridge,13,65.0,3.6388347510202332,0.7277669502040466,1.0642025985786177,2.0,False
garden_tools,South,last_week,13,65.0,4.615384615384615,0.9230769230769231,0.9230769230769231,3.0,False
garden_tools,Southeast,moving_average,13,382.0,11.365384615384615,0.3867801047120419,4.634615384615385,1.0,True
garden_tools,Southeast,ridge,13,382.0,13.068148132456539,0.44472755424590316,8.05384283788847,2.0,False
garden_tools,Southeast,last_week,13,382.0,13.307692307692308,0.45287958115183247,1.0,3.0,False
health_beauty,Central-West,ridge,13,155.0,4.702795785070924,0.39442803358659356,-0.48172066722406615,1.0,True
health_beauty,Central-West,last_week,13,155.0,5.153846153846154,0.432258064516129,-0.23076923076923078,2.0,False
health_beauty,Central-West,moving_average,13,155.0,5.173076923076923,0.4338709677419355,-1.1730769230769231,3.0,False
health_beauty,North,moving_average,13,63.0,2.6923076923076925,0.5555555555555556,-0.38461538461538464,1.0,True
health_beauty,North,ridge,13,63.0,3.010020827930537,0.6211154089380473,0.012669742141170422,2.0,False
health_beauty,North,last_week,13,63.0,3.3076923076923075,0.6825396825396826,0.07692307692307693,3.0,False
health_beauty,Northeast,moving_average,13,280.0,4.615384615384615,0.21428571428571427,-0.7692307692307693,1.0,True
health_beauty,Northeast,ridge,13,280.0,4.918042417231622,0.22833768365718246,-1.1544737526407796,2.0,False
health_beauty,Northeast,last_week,13,280.0,5.153846153846154,0.2392857142857143,0.07692307692307693,3.0,False
health_beauty,South,ridge,13,259.0,4.889443309992102,0.24541607347450706,-0.5711014054667272,1.0,True
health_beauty,South,last_week,13,259.0,6.076923076923077,0.305019305019305,-0.5384615384615384,2.0,False
health_beauty,South,moving_average,13,259.0,6.6923076923076925,0.3359073359073359,-1.7692307692307692,3.0,False
health_beauty,Southeast,ridge,13,1796.0,28.936859209520176,0.209453880692518,-9.02988557670817,1.0,True
health_beauty,Southeast,last_week,13,1796.0,33.53846153846154,0.24276169265033407,-3.076923076923077,2.0,False
health_beauty,Southeast,moving_average,13,1796.0,34.5,0.2497216035634744,-4.346153846153846,3.0,False
housewares,Central-West,ridge,13,125.0,4.08221461536037,0.42455031999747855,-1.722713467733866,1.0,True
housewares,Central-West,last_week,13,125.0,4.6923076923076925,0.488,-0.6923076923076923,2.0,False
housewares,Central-West,moving_average,13,125.0,5.019230769230769,0.522,-0.7884615384615384,3.0,False
housewares,North,moving_average,13,16.0,1.3076923076923077,1.0625,0.038461538461538464,1.0,True
housewares,North,ridge,13,16.0,1.408261358919766,1.1442123541223097,-0.06045056033781286,2.0,False
housewares,North,last_week,13,16.0,1.6153846153846154,1.3125,0.07692307692307693,3.0,False
housewares,Northeast,ridge,13,80.0,2.9619515152577183,0.4813171212293792,1.1582574269729131,1.0,True
housewares,Northeast,last_week,13,80.0,3.0,0.4875,0.23076923076923078,2.0,False
housewares,Northeast,moving_average,13,80.0,3.673076923076923,0.596875,1.1346153846153846,3.0,False
housewares,South,ridge,13,269.0,6.170133837873858,0.2981849066630489,-1.4717699098321058,1.0,True
housewares,South,moving_average,13,269.0,7.038461538461538,0.34014869888475835,-0.23076923076923078,2.0,False
housewares,South,last_week,13,269.0,7.461538461538462,0.36059479553903345,-0.38461538461538464,3.0,False
housewares,Southeast,ridge,13,1343.0,25.86375030560902,0.2503564809924924,-6.392439400111822,1.0,True
housewares,Southeast,last_week,13,1343.0,26.53846153846154,0.2568875651526433,-1.3076923076923077,2.0,False
housewares,Southeast,moving_average,13,1343.0,28.173076923076923,0.27271034996276994,-4.634615384615385,3.0,False
sports_leisure,Central-West,ridge,13,90.0,2.6497768476899357,0.38274554466632404,0.0745363358446885,1.0,True
sports_leisure,Central-West,moving_average,13,90.0,2.6538461538461537,0.38333333333333336,0.038461538461538464,2.0,False
sports_leisure,Central-West,last_week,13,90.0,3.3846153846153846,0.4888888888888889,0.15384615384615385,3.0,False
sports_leisure,North,ridge,13,32.0,1.5266692393552537,0.6202093784880718,-0.07815396511490781,1.0,True
sports_leisure,North,last_week,13,32.0,1.6923076923076923,0.6875,0.0,2.0,False
sports_leisure,North,moving_average,13,32.0,2.3076923076923075,0.9375,-0.07692307692307693,3.0,False
sports_leisure,Northeast,moving_average,13,114.0,3.6538461538461537,0.4166666666666667,-0.15384615384615385,1.0,True
sports_leisure,Northeast,ridge,13,114.0,3.8748975741796796,0.4418742847748758,0.09698654949023891,2.0,False
sports_leisure,Northeast,last_week,13,114.0,4.076923076923077,0.4649122807017544,0.07692307692307693,3.0,False
sports_leisure,South,moving_average,13,196.0,5.615384615384615,0.37244897959183676,-0.5,1.0,True
sports_leisure,South,ridge,13,196.0,5.759792678510504,0.38202706541141096,-0.11062179107465898,2.0,False
sports_leisure,South,last_week,13,196.0,7.6923076923076925,0.5102040816326531,-0.46153846153846156,3.0,False
sports_leisure,Southeast,ridge,13,969.0,18.727768380513734,0.2512497305951275,0.7169839957662085,1.0,True
sports_leisure,Southeast,last_week,13,969.0,21.307692307692307,0.28586171310629516,-1.4615384615384615,2.0,False
sports_leisure,Southeast,moving_average,13,969.0,23.21153846153846,0.31140350877192985,-1.5961538461538463,3.0,False
telephony,Central-West,ridge,13,63.0,3.2050503425033368,0.6613595944848155,-1.442299572129196,1.0,True
telephony,Central-West,moving_average,13,63.0,3.5961538461538463,0.7420634920634921,-0.4807692307692308,2.0,False
telephony,Central-West,last_week,13,63.0,3.923076923076923,0.8095238095238095,-0.07692307692307693,3.0,False
telephony,North,moving_average,13,14.0,1.2115384615384615,1.125,0.25,1.0,True
telephony,North,last_week,13,14.0,1.2307692307692308,1.1428571428571428,0.15384615384615385,2.0,False
telephony,North,ridge,13,14.0,1.2643248023574938,1.174015887903387,-0.7492100837519509,3.0,False
telephony,Northeast,ridge,13,108.0,4.3401444856890565,0.5224247992033123,-1.345876611459983,1.0,True
telephony,Northeast,last_week,13,108.0,4.615384615384615,0.5555555555555556,0.0,2.0,False
telephony,Northeast,moving_average,13,108.0,4.846153846153846,0.5833333333333334,-0.15384615384615385,3.0,False
telephony,South,moving_average,13,130.0,4.076923076923077,0.4076923076923077,-0.6538461538461539,1.0,True
telephony,South,ridge,13,130.0,4.800088619421751,0.48000886194217507,-0.8099750543087859,2.0,False
telephony,South,last_week,13,130.0,5.384615384615385,0.5384615384615384,0.3076923076923077,3.0,False
telephony,Southeast,ridge,13,428.0,11.521933972363835,0.3499652842073127,3.3904846166175093,1.0,True
telephony,Southeast,last_week,13,428.0,12.23076923076923,0.37149532710280375,-0.07692307692307693,2.0,False
telephony,Southeast,moving_average,13,428.0,13.807692307692308,0.41939252336448596,-0.6153846153846154,3.0,False
watches_gifts,Central-West,moving_average,13,97.0,2.0961538461538463,0.2809278350515464,0.1346153846153846,1.0,True
watches_gifts,Central-West,ridge,13,97.0,2.323529694886406,0.3114008869435389,-0.21391997765586582,2.0,False
watches_gifts,Central-West,last_week,13,97.0,2.6923076923076925,0.36082474226804123,0.07692307692307693,3.0,False
watches_gifts,North,moving_average,13,31.0,1.4807692307692308,0.6209677419354839,0.019230769230769232,1.0,True
watches_gifts,North,last_week,13,31.0,1.6923076923076923,0.7096774193548387,0.0,2.0,False
watches_gifts,North,ridge,13,31.0,1.7476008862866703,0.7328648877976359,-0.45918538844022155,3.0,False
watches_gifts,Northeast,ridge,13,204.0,5.535513572044092,0.3527533158655549,-0.22349617050524478,1.0,True
watches_gifts,Northeast,moving_average,13,204.0,6.75,0.43014705882352944,1.0192307692307692,2.0,False
watches_gifts,Northeast,last_week,13,204.0,6.769230769230769,0.43137254901960786,0.3076923076923077,3.0,False
watches_gifts,South,ridge,13,163.0,3.6522684570091033,0.2912852143626892,0.09971211528630246,1.0,True
watches_gifts,South,last_week,13,163.0,3.769230769230769,0.3006134969325153,-0.23076923076923078,2.0,False
watches_gifts,South,moving_average,13,163.0,4.038461538461538,0.3220858895705521,-0.19230769230769232,3.0,False
watches_gifts,Southeast,ridge,13,969.0,15.61897923502443,0.20954254907669514,3.897600870769302,1.0,True
watches_gifts,Southeast,moving_average,13,969.0,19.5,0.26160990712074306,4.3076923076923075,2.0,False
watches_gifts,Southeast,last_week,13,969.0,19.923076923076923,0.2672858617131063,-0.07692307692307693,3.0,False
