hub,category,region,sample_size,raw_late_dispatch_rate,raw_late_delivery_rate,median_freight,median_approval_to_carrier_days,shipping_cost,late_probability,supplier_risk,expected_risk_cost_per_unit,risk_adjusted_route_cost,evidence_level
PR,bed_bath_table,Southeast,73,0.5352112676056338,0.30434782608695654,23.85,6.368229166666667,23.85,0.22909913093719705,0.3510183660665466,3.5878848778303096,27.43788487783031,high
PR,bed_bath_table,South,35,0.20588235294117646,0.12121212121212122,18.83,2.719994212962963,18.83,0.10038690613924255,0.3510183660665466,2.5581870794466735,21.388187079446674,high
PR,bed_bath_table,Northeast,4,0.25,0.25,44.29,2.0614872685185186,44.29,0.09811050301201266,0.3510183660665466,2.5399758544288344,46.82997585442883,low
PR,bed_bath_table,Central-West,7,0.14285714285714285,0.14285714285714285,33.43,4.655891203703704,33.43,0.09110260993972603,0.3510183660665466,2.4839127098505416,35.91391270985054,low
PR,bed_bath_table,North,2,0.5,0.0,48.655,3.591875,48.655,0.07638674641806739,0.3510183660665466,2.3661858016772723,51.02118580167728,low
PR,computers_accessories,Northeast,44,0.32558139534883723,0.23255813953488372,42.92,2.6221296296296295,42.92,0.1644398668906217,0.1773420379704727,2.202229124977337,45.12222912497734,high
MG,telephony,Southeast,35,0.2571428571428571,0.23529411764705882,15.1,2.9496527777777777,15.1,0.15690303793432597,0.1717693851762841,2.1140712293560284,17.21407122935603,high
RJ,watches_gifts,Northeast,89,0.19318181818181818,0.19767441860465115,23.63,2.728877314814815,23.63,0.16385379849147513,0.15882627750002945,2.1049617754319483,25.734961775431948,high
RS,furniture_decor,Central-West,3,0.6666666666666666,0.6666666666666666,20.74,48.215069444444445,20.74,0.12700814782811826,0.21094094887380407,2.0707699269939663,22.810769926993963,low
PR,furniture_decor,Northeast,87,0.09302325581395349,0.23529411764705882,34.15,1.9743749999999998,34.15,0.19021924681223742,0.10182070056256835,2.0308574773107413,36.18085747731074,high
MG,furniture_decor,Northeast,57,0.19298245614035087,0.21052631578947367,24.55,2.8589467592592595,24.55,0.1611555393203097,0.14753913087566187,2.0269399689407868,26.57693996894079,high
SC,telephony,Northeast,6,0.16666666666666666,0.6666666666666666,42.97,1.7277199074074074,42.97,0.1664953565236218,0.11494532934395214,1.906689498908735,44.87668949890873,low
SP,garden_tools,Northeast,307,0.11074918566775244,0.18874172185430463,28.79,2.9919444444444445,28.79,0.1775261412981261,0.09298103520062254,1.8851143063881215,30.67511430638812,high
SP,health_beauty,Northeast,763,0.05774278215223097,0.18463611859838275,24.72,1.7752719907407408,24.72,0.17995664043432238,0.0852312442959161,1.8658093449541595,26.585809344954157,high
SP,furniture_decor,Northeast,454,0.11333333333333333,0.16628175519630484,25.61,2.566429398148148,25.61,0.15988527696040278,0.11310475074477826,1.8446059694071135,27.454605969407112,high
SC,auto,Southeast,112,0.12612612612612611,0.1743119266055046,41.43,1.7167476851851853,41.43,0.15157159456575342,0.12594051128613543,1.8422753129567044,43.2722753129567,high
PR,telephony,Northeast,12,0.25,0.16666666666666666,39.1,3.700434027777778,39.1,0.10268743866954241,0.19445528759189148,1.7937759473157966,40.893775947315795,medium
SP,telephony,Northeast,545,0.09796672828096119,0.1634980988593156,21.15,2.312685185185185,21.15,0.15833566776732352,0.09768644047983457,1.755117544537761,22.90511754453776,high
SP,computers_accessories,North,72,0.08450704225352113,0.19117647058823528,25.63,1.8810763888888888,25.63,0.15365349143173293,0.10332894174992856,1.745872640203506,27.375872640203504,high
RS,health_beauty,Northeast,5,0.0,0.4,31.82,1.3858333333333333,31.82,0.12065774043671233,0.14968929341437812,1.7137083905655892,33.53370839056559,low
RS,furniture_decor,North,1,0.0,0.0,26.3,1.447673611111111,26.3,0.07850860048523593,0.21094094887380407,1.6827735482509079,27.982773548250908,low
RS,furniture_decor,Northeast,2,0.0,0.0,41.195,3.052795138888889,41.195,0.07638674641806739,0.21094094887380407,1.6657987157135594,42.86079871571356,low
RS,computers_accessories,Northeast,26,0.19230769230769232,0.23076923076923078,40.585,2.0903935185185185,40.585,0.14469360028636874,0.0995179866686702,1.655138735634301,42.240138735634304,medium
RS,furniture_decor,South,16,0.5,0.0625,16.015,6.382806712962963,16.015,0.07502567877389203,0.21094094887380407,1.6549101745601567,17.669910174560158,medium
RS,bed_bath_table,Southeast,30,0.13333333333333333,0.13333333333333333,31.68,1.901736111111111,31.68,0.10502014796105374,0.16260835130021561,1.653202940189508,33.33320294018951,high
RS,housewares,Northeast,16,0.1875,0.25,34.97,2.1143113425925923,34.97,0.13384920818565674,0.11467121491713825,1.644149740070945,36.61414974007094,medium
RJ,watches_gifts,South,83,0.08641975308641975,0.11392405063291139,16.86,2.861736111111111,16.86,0.10373955804796924,0.15882627750002945,1.6240478518839012,18.4840478518839,high
PR,computers_accessories,Southeast,1145,0.18788410886742757,0.09179170344218888,15.17,2.512939814814815,15.17,0.09146088152180522,0.1773420379704727,1.6183972420268051,16.788397242026804,high
SP,garden_tools,North,48,0.041666666666666664,0.1875,28.82,3.0773842592592593,28.82,0.14248565804178906,0.09298103520062254,1.6047904403374251,30.424790440337425,high
PR,telephony,South,14,0.21428571428571427,0.07142857142857142,14.934999999999999,3.7264699074074072,14.934999999999999,0.07808795137690804,0.19445528759189148,1.5969800489747217,16.53198004897472,medium
PR,telephony,Central-West,2,0.0,0.0,17.66,3.1269791666666666,17.66,0.07638674641806739,0.19445528759189148,1.5833704093039964,19.243370409303996,low
SP,bed_bath_table,Northeast,542,0.06851851851851852,0.1571969696969697,27.35,1.8840798611111111,27.35,0.15244459967578775,0.07268043946805962,1.5829589947466,28.932958994746603,high
SP,computers_accessories,Northeast,298,0.09830508474576272,0.13829787234042554,22.85,2.0019560185185186,22.85,0.13194419437687221,0.10332894174992856,1.5721982637646206,24.42219826376462,high
PR,telephony,North,3,0.6666666666666666,0.0,26.01,14.781886574074074,26.01,0.07437656888074982,0.19445528759189148,1.567288989005456,27.577288989005456,low
SP,auto,Northeast,341,0.04477611940298507,0.16666666666666666,26.98,1.4085648148148149,26.98,0.15842824552731094,0.05826164847633178,1.5587342066001464,28.538734206600147,high
RS,furniture_decor,Southeast,46,0.1590909090909091,0.045454545454545456,20.939999999999998,2.5592939814814812,20.939999999999998,0.06109252680339865,0.21094094887380407,1.5434449587962096,22.483444958796206,high
MG,sports_leisure,North,7,0.0,0.3333333333333333,34.18,3.1616666666666666,34.18,0.11771486871874375,0.11745801602210397,1.52900902986047,35.70900902986047,low
RJ,sports_leisure,Northeast,32,0.09375,0.1875,25.6,1.5846701388888889,25.6,0.13173596443982824,0.08871477045959845,1.497461567816618,27.09746156781662,high
SP,health_beauty,North,138,0.050724637681159424,0.14705882352941177,25.765,1.8774479166666667,25.765,0.13348719074542978,0.0852312442959161,1.4940537474430187,27.25905374744302,high
RS,health_beauty,South,40,0.2,0.1,14.55,2.840648148148148,14.55,0.09101746156624659,0.14968929341437812,1.4765861596018632,16.026586159601862,high
SP,computers_accessories,Central-West,155,0.12,0.12666666666666668,16.11,1.7746180555555555,16.11,0.11798005198631617,0.10332894174992856,1.4604851246401722,17.57048512464017,high
PR,computers_accessories,South,347,0.14825581395348839,0.07058823529411765,15.34,2.8142881944444444,15.34,0.07153682564658265,0.1773420379704727,1.4590047950250247,16.799004795025024,high
SC,computers_accessories,Central-West,9,0.0,0.2222222222222222,25.63,2.4112037037037037,25.63,0.10968885494246576,0.11606681808917339,1.4578449299855931,27.087844929985593,low
MG,telephony,Central-West,4,0.0,0.0,15.945,1.0994328703703704,15.945,0.07437656888074982,0.1717693851762841,1.453859476927419,17.39885947692742,low
MG,telephony,South,3,0.3333333333333333,0.0,16.79,2.6964930555555555,16.79,0.07437656888074982,0.1717693851762841,1.453859476927419,18.24385947692742,low
MG,auto,Northeast,34,0.11764705882352941,0.18181818181818182,27.634999999999998,2.5968171296296294,27.634999999999998,0.1297986708451249,0.08196334398415608,1.4482060866817794,29.083206086681777,high
SC,health_beauty,North,8,0.375,0.14285714285714285,73.14,3.173715277777778,73.14,0.09110260993972603,0.14255279171458166,1.4415848380907166,74.58158483809072,low
RS,bed_bath_table,Northeast,1,0.0,0.0,29.8,1.6261689814814815,29.8,0.07850860048523593,0.16260835130021561,1.4411105603829655,31.241110560382968,low
MG,sports_leisure,Southeast,345,0.13569321533923304,0.10876132930513595,15.7,2.066875,15.7,0.10608281316248223,0.11745801602210397,1.4359525854103778,17.135952585410376,high
RS,bed_bath_table,Central-West,2,0.0,0.0,23.215,1.6071585648148148,23.215,0.07638674641806739,0.16260835130021561,1.4241357278456173,24.639135727845616,low
MG,telephony,Northeast,5,0.0,0.0,17.13,1.9864930555555556,17.13,0.07065774043671233,0.1717693851762841,1.424108849375119,18.55410884937512,low
PR,telephony,Southeast,54,0.20754716981132076,0.0392156862745098,16.64,4.8783564814814815,16.64,0.05611987927288946,0.19445528759189148,1.421235472142573,18.061235472142574,high
SP,telephony,North,129,0.07086614173228346,0.12598425196850394,25.63,2.2528125,25.63,0.11621178776215119,0.09768644047983457,1.4181265044963824,27.04812650449638,high
SC,health_beauty,Central-West,20,0.05,0.1,37.43,2.077170138888889,37.43,0.0877510839539726,0.14255279171458166,1.414772630204689,38.84477263020469,medium
SC,auto,North,4,0.0,0.25,84.44,1.726741898148148,84.44,0.09811050301201266,0.12594051128613543,1.4145865805267783,85.85458658052677,low
PR,computers_accessories,Central-West,70,0.12857142857142856,0.057971014492753624,27.395000000000003,2.250572916666667,27.395000000000003,0.06563759247565859,0.1773420379704727,1.4118109296576322,28.806810929657637,high
RJ,watches_gifts,Southeast,320,0.15841584158415842,0.07590759075907591,15.115,2.329016203703704,15.115,0.07640920005168193,0.15882627750002945,1.4054049879136028,16.520404987913604,high
RS,auto,Northeast,4,0.0,0.25,29.585,1.074207175925926,29.585,0.09811050301201266,0.12302886096171617,1.400028328904682,30.985028328904683,low
SP,furniture_decor,Central-West,323,0.10903426791277258,0.10625,17.95,2.392164351851852,17.95,0.10373608342948872,0.11310475074477826,1.3954124211598011,19.3454124211598,high
RJ,sports_leisure,South,50,0.10204081632653061,0.14583333333333334,19.32,2.376261574074074,19.32,0.11838927249962039,0.08871477045959845,1.3906880322949555,20.710688032294957,high
SP,bed_bath_table,Central-West,524,0.061068702290076333,0.13152804642166344,18.09,1.778900462962963,18.09,0.1283085319157038,0.07268043946805962,1.3898704526659285,19.479870452665928,high
RJ,sports_leisure,Central-West,23,0.043478260869565216,0.17391304347826086,16.61,1.822685185185185,16.61,0.1176949934046292,0.08871477045959845,1.385133799535026,17.995133799535026,medium
SP,housewares,Northeast,282,0.13167259786476868,0.11439114391143912,23.92,1.9473958333333334,23.92,0.11054349548192319,0.09918144447005646,1.3802551862056678,25.300255186205668,high
SP,sports_leisure,Northeast,492,0.07407407407407407,0.1226215644820296,24.52,1.716880787037037,24.52,0.11973682995564665,0.08414146468090333,1.37860196304969,25.89860196304969,high
SC,telephony,Southeast,33,0.18181818181818182,0.12121212121212122,16.79,1.1131712962962963,16.79,0.10038690613924255,0.11494532934395214,1.377821895833701,18.1678218958337,high
SC,auto,Central-West,7,0.2857142857142857,0.16666666666666666,73.76,1.9241319444444445,73.76,0.09332462481630471,0.12594051128613543,1.3762995549611148,75.13629955496111,low
SC,auto,Northeast,18,0.16666666666666666,0.11764705882352941,104.595,1.66703125,104.595,0.09281364648977872,0.12594051128613543,1.3722117283489068,105.9672117283489,medium
MG,housewares,Northeast,48,0.041666666666666664,0.1276595744680851,31.28,1.0767592592592592,31.28,0.1076379221642499,0.10152606165785179,1.3687336856032581,32.64873368560326,high
SC,health_beauty,Northeast,24,0.08333333333333333,0.08333333333333333,46.65,2.5224131944444443,46.65,0.0818018579231948,0.14255279171458166,1.3671788219584666,48.01717882195847,medium
MG,watches_gifts,North,2,0.5,0.5,37.4,7.913582175925925,37.4,0.10341377344509442,0.1061458416513344,1.3580393958174273,38.75803939581743,low
SP,watches_gifts,Northeast,630,0.05263157894736842,0.13452188006482982,22.91,1.3220949074074073,22.91,0.13163544419857132,0.05938900733503137,1.3500285902637275,24.260028590263726,high
MG,furniture_decor,North,2,0.0,0.0,128.535,0.49571180555555555,128.535,0.07638674641806739,0.14753913087566187,1.3487896257228484,129.88378962572284,low
RJ,watches_gifts,Central-West,36,0.3142857142857143,0.05714285714285714,17.34,3.9246296296296297,17.34,0.06894728024954991,0.15882627750002945,1.3457096294965465,18.685709629496547,high
SP,sports_leisure,North,121,0.04132231404958678,0.125,33.25,1.5899537037037037,33.25,0.11500844914495802,0.08414146468090333,1.3407749165641807,34.59077491656418,high
PR,health_beauty,Northeast,85,0.03571428571428571,0.14814814814814814,31.98,1.8509606481481482,31.98,0.1278130139436939,0.06354763004144001,1.3402422617567513,33.32024226175675,high
RS,garden_tools,South,9,0.2222222222222222,0.2222222222222222,17.85,1.9503009259259259,17.85,0.10968885494246576,0.09111215216935545,1.3330716003865033,19.183071600386505,low
SC,auto,South,44,0.11627906976744186,0.09302325581395349,21.52,2.0457060185185183,21.52,0.08751678996754479,0.12594051128613543,1.3298368761710355,22.849836876171036,high
SP,computers_accessories,South,406,0.08977556109725686,0.10327455919395466,16.24,2.1402662037037037,16.24,0.10144979078117708,0.10332894174992856,1.3282430349990593,17.568243034999057,high
MG,bed_bath_table,North,5,0.2,0.2,29.91,3.2480555555555557,29.91,0.09565774043671234,0.1110357686898475,1.3204407669429363,31.230440766942937,low
RS,health_beauty,North,5,0.2,0.0,41.29,1.1790856481481482,41.29,0.07065774043671233,0.14968929341437812,1.3137083905655893,42.603708390565586,low
PR,furniture_decor,North,13,0.0,0.15384615384615385,38.45,1.1781018518518518,38.45,0.10054811703059362,0.10182070056256835,1.3134884390575907,39.763488439057596,medium
RJ,garden_tools,Southeast,36,0.05555555555555555,0.17142857142857143,15.105,1.40546875,15.105,0.12609013739240704,0.060806178949509716,1.3127519938868049,16.417751993886807,high
MG,housewares,South,95,0.13829787234042554,0.10638297872340426,23.98,1.4747743055555556,23.98,0.09942875672456196,0.10152606165785179,1.3030603620857546,25.283060362085756,high
SC,bed_bath_table,Northeast,20,0.1,0.10526315789473684,53.3,2.7886342592592595,53.3,0.08937610402719433,0.11637478898893544,1.296882777162232,54.59688277716223,medium
PR,computers_accessories,North,21,0.047619047619047616,0.0,42.93,1.7305902777777777,42.93,0.050469814597651666,0.1773420379704727,1.2904687066335767,44.220468706633575,medium
RS,garden_tools,Northeast,2,0.5,0.5,49.135,8.274924768518519,49.135,0.10341377344509442,0.09111215216935545,1.2828709484075325,50.41787094840753,low
RJ,furniture_decor,North,2,0.5,0.5,71.44,10.221122685185184,71.44,0.10341377344509442,0.08967372314350126,1.2756788032782618,72.71567880327827,low
RS,health_beauty,Central-West,8,0.25,0.0,30.83,3.020787037037037,30.83,0.06572813063880217,0.14968929341437812,1.2742715121823078,32.10427151218231,low
RS,auto,South,12,0.25,0.08333333333333333,15.105,2.4963310185185184,15.105,0.08141084292486156,0.12302886096171617,1.2664310482074734,16.371431048207473,medium
SP,furniture_decor,South,1018,0.1220472440944882,0.0874751491053678,17.88,2.502853009259259,17.88,0.08724909665462872,0.11310475074477826,1.2635165269609212,19.14351652696092,high
SC,sports_leisure,Northeast,48,0.020833333333333332,0.17777777777777778,30.865,1.6755439814814814,30.865,0.13532887021835616,0.03430545030528002,1.2541582132732494,32.119158213273245,high
RJ,sports_leisure,North,3,0.0,0.3333333333333333,28.67,0.921261574074074,28.67,0.10069235835443403,0.08871477045959845,1.2491127191334646,29.919112719133466,low
RS,bed_bath_table,South,18,0.35294117647058826,0.0,16.215,4.826319444444445,16.215,0.05435210802824026,0.16260835130021561,1.2478586207270002,17.462858620727,medium
MG,watches_gifts,Northeast,19,0.10526315789473684,0.10526315789473684,23.46,1.6535532407407407,23.46,0.08937610402719433,0.1061458416513344,1.2457380404742264,24.705738040474227,medium
RS,sports_leisure,Northeast,7,0.14285714285714285,0.2857142857142857,30.22,4.664537037037037,30.22,0.11491213374924984,0.06475793202476177,1.2430867301178075,31.463086730117805,low
SP,health_beauty,Central-West,382,0.08136482939632546,0.10344827586206896,16.735,1.728935185185185,16.735,0.1015201689744381,0.0852312442959161,1.2383175732750853,17.973317573275086,high
SP,furniture_decor,North,97,0.10309278350515463,0.0851063829787234,27.84,1.949849537037037,27.84,0.08392488075556971,0.11310475074477826,1.236922799768449,29.07692279976845,high
RJ,watches_gifts,North,17,0.11764705882352941,0.0,27.9,2.1103472222222224,27.9,0.05435210802824026,0.15882627750002945,1.2289482517260693,29.12894825172607,medium
SC,computers_accessories,North,1,1.0,,36.82,10.19425925925926,36.82,0.08075170335624267,0.11606681808917339,1.2263477172958082,38.04634771729581,low
RS,housewares,South,76,0.05405405405405406,0.08108108108108109,16.825,1.851724537037037,16.825,0.08097531759145406,0.11467121491713825,1.2211586153173237,18.046158615317324,high
MG,bed_bath_table,Northeast,23,0.21739130434782608,0.08695652173913043,25.25,2.8760879629629628,25.25,0.08321223478393955,0.1110357686898475,1.220876721720754,26.470876721720753,medium
PR,watches_gifts,Northeast,26,0.038461538461538464,0.11538461538461539,35.19,1.5383217592592593,35.19,0.09551327241751628,0.09098214998685805,1.2190169292744204,36.409016929274415,medium
MG,furniture_decor,Central-West,29,0.06896551724137931,0.034482758620689655,17.73,3.007997685185185,17.73,0.05978608777294521,0.14753913087566187,1.2159843565618709,18.945984356561873,medium
RS,telephony,Northeast,3,0.0,0.3333333333333333,40.94,4.1817824074074075,40.94,0.10069235835443403,0.08193913711579924,1.2152345524144685,42.15523455241447,low
SP,computers_accessories,Southeast,2376,0.10596310596310596,0.08727746417716023,12.79,1.8928935185185185,12.79,0.08717977314690697,0.10332894174992856,1.2140828939248984,14.004082893924897,high
MG,furniture_decor,Southeast,432,0.1595238095238095,0.05755395683453238,17.97,2.516134259259259,17.97,0.05935024251652321,0.14753913087566187,1.212497594510495,19.182497594510494,high
SC,bed_bath_table,North,1,1.0,0.0,38.14,7.4276736111111115,38.14,0.07850860048523593,0.11637478898893544,1.2099427488265646,39.349942748826564,low
PR,housewares,Northeast,5,0.2,0.2,47.79,3.4283333333333332,47.79,0.09565774043671234,0.08813305759669116,1.2059272114771544,48.99592721147715,low
RS,housewares,North,1,0.0,0.0,44.61,2.5576041666666667,44.61,0.07850860048523593,0.11467121491713825,1.2014248784675787,45.81142487846758,low
SC,bed_bath_table,Central-West,15,0.06666666666666667,0.06666666666666667,41.33,0.8438657407407407,41.33,0.07652619234936987,0.11637478898893544,1.1940834837396364,42.52408348373964,medium
SP,furniture_decor,Southeast,4314,0.11163227016885553,0.07839433293978748,14.0,2.2021875,14.0,0.07841365564811908,0.11310475074477826,1.192832998908844,15.192832998908845,high
RJ,health_beauty,South,108,0.027777777777777776,0.1388888888888889,18.799999999999997,1.207847222222222,18.799999999999997,0.12465950781446498,0.03814409846992238,1.1879965548653317,19.98799655486533,high
RJ,bed_bath_table,North,1,0.0,0.0,44.2,2.754236111111111,44.2,0.07850860048523593,0.1116024787646289,1.186081197705032,45.38608119770503,low
SC,telephony,North,2,0.0,0.0,87.34,3.74671875,87.34,0.07638674641806739,0.11494532934395214,1.1858206180642998,88.5258206180643,low
RJ,auto,Northeast,17,0.0,0.11764705882352941,25.63,1.0943634259259258,25.63,0.09281364648977872,0.08546279654592497,1.1698231546478546,26.799823154647854,medium
RS,housewares,Central-West,3,0.0,0.0,44.61,2.174074074074074,44.61,0.07437656888074982,0.11467121491713825,1.1683686256316899,45.77836862563169,low
SP,watches_gifts,North,117,0.06086956521739131,0.11711711711711711,26.6,1.2250231481481482,26.6,0.10839938094156502,0.05938900733503137,1.164140084207677,27.76414008420768,high
MG,furniture_decor,South,58,0.08620689655172414,0.03571428571428571,26.89,3.019230324074074,26.89,0.0530363694227307,0.14753913087566187,1.161986609760155,28.051986609760156,high
SC,health_beauty,Southeast,159,0.15723270440251572,0.05063291139240506,18.5,2.2050347222222224,18.5,0.05609486848429271,0.14255279171458166,1.1615229064472499,19.66152290644725,high
SC,telephony,Central-West,4,0.0,0.0,30.1,1.977355324074074,30.1,0.07246947737098701,0.11494532934395214,1.1544824656876567,31.25448246568766,low
PR,garden_tools,Northeast,18,0.058823529411764705,0.11764705882352941,33.895,1.7495023148148148,33.895,0.09281364648977872,0.08203259122870159,1.1526721280617376,35.04767212806174,medium
PR,sports_leisure,Northeast,80,0.05128205128205128,0.14102564102564102,36.44,1.2429976851851854,36.44,0.12235672227848224,0.033031110872583085,1.1440093325907734,37.584009332590774,high
SC,housewares,Northeast,24,0.041666666666666664,0.17391304347826086,54.129999999999995,0.9315162037037037,54.129999999999995,0.1176949934046292,0.040413899860415346,1.1436294465391104,55.273629446539104,medium
RS,auto,Central-West,8,0.0,0.0,37.965,2.9756365740740742,37.965,0.06572813063880217,0.12302886096171617,1.1409693499189983,39.105969349919,low
SC,computers_accessories,Southeast,91,0.16483516483516483,0.06593406593406594,16.79,1.9255208333333333,16.79,0.07005007632911502,0.11606681808917339,1.1407347010787872,17.930734701078787,high
PR,health_beauty,North,12,0.08333333333333333,0.16666666666666666,30.174999999999997,1.9679513888888889,30.174999999999997,0.10268743866954241,0.06354763004144001,1.1392376595635394,31.31423765956354,medium
PR,garden_tools,North,7,0.0,0.14285714285714285,47.61,2.583090277777778,47.61,0.09110260993972603,0.08203259122870159,1.1389838356613162,48.74898383566131,low
MG,auto,North,7,0.14285714285714285,0.14285714285714285,62.64,1.6670949074074075,62.64,0.09110260993972603,0.08196334398415608,1.1386375994385887,63.77863759943859,low
SP,telephony,Central-West,266,0.07604562737642585,0.08108108108108109,15.23,2.367395833333333,15.23,0.08104186944717175,0.09768644047983457,1.1367671579765468,16.366767157976547,high
PR,auto,Northeast,18,0.1111111111111111,0.1111111111111111,33.114999999999995,0.8979398148148148,33.114999999999995,0.09106244561261308,0.08020127879952639,1.1295059588985366,34.24450595889853,medium
SC,furniture_decor,South,19,0.05263157894736842,0.10526315789473684,16.52,2.4182175925925926,16.52,0.08937610402719433,0.08091766942473151,1.1195971793412123,17.639597179341212,medium
SC,health_beauty,South,60,0.15,0.03333333333333333,15.48,2.1628819444444445,15.48,0.0508032591312473,0.14255279171458166,1.1191900316228867,16.599190031622886,high
RJ,health_beauty,Northeast,95,0.021505376344086023,0.12903225806451613,34.78,1.2629976851851852,34.78,0.1158305438864726,0.03814409846992238,1.1173648434413928,35.897364843441395,high
RS,health_beauty,Southeast,93,0.14130434782608695,0.03260869565217391,17.75,2.8475868055555553,17.75,0.04587645368085428,0.14968929341437812,1.1154580965187249,18.865458096518726,high
RJ,bed_bath_table,Northeast,6,0.0,0.0,31.445,1.9065162037037038,31.445,0.0689343809138657,0.1116024787646289,1.10948744113407,32.55448744113407,low
SC,computers_accessories,Northeast,8,0.25,0.0,42.38,5.668564814814815,42.38,0.06572813063880217,0.11606681808917339,1.1061591355562843,43.486159135556285,low
PR,furniture_decor,South,274,0.10948905109489052,0.07380073800738007,17.115,1.9464583333333332,17.115,0.07459578306362252,0.10182070056256835,1.1058697673218219,18.22086976732182,high
SC,furniture_decor,Northeast,9,0.3333333333333333,0.1111111111111111,34.15,3.425972222222222,34.15,0.08696158221519303,0.08091766942473151,1.1002810048452019,35.2502810048452,low
RJ,health_beauty,Central-West,79,0.01282051282051282,0.1282051282051282,18.94,1.7820949074074073,18.94,0.11350716475635834,0.03814409846992238,1.0987778104004786,20.03877781040048,high
SP,garden_tools,Southeast,2060,0.09095354523227384,0.07911547911547911,14.44,2.5344444444444445,14.44,0.0791431447427384,0.09298103520062254,1.0980503339450198,15.53805033394502,high
PR,furniture_decor,Central-West,48,0.0625,0.06666666666666667,26.84,1.8873958333333332,26.84,0.07282887021835617,0.10182070056256835,1.0917344645596911,27.931734464559693,high
MG,computers_accessories,Northeast,194,0.036458333333333336,0.08602150537634409,22.134999999999998,2.2514409722222224,22.134999999999998,0.08518692134601127,0.08151143618139821,1.0890525516750813,23.22405255167508,high
RJ,furniture_decor,Northeast,13,0.07692307692307693,0.07692307692307693,21.15,1.9962615740740741,21.15,0.07971478369726027,0.08967372314350126,1.0860868852955885,22.236086885295588,medium
SP,health_beauty,Southeast,4370,0.09103512014787431,0.08237772057102738,12.19,1.7532407407407407,12.19,0.08236451012476056,0.0852312442959161,1.085072302477665,13.275072302477664,high
MG,sports_leisure,Northeast,62,0.11290322580645161,0.05,22.85,2.6570949074074073,22.85,0.06132957492072098,0.11745801602210397,1.0779266794762878,23.92792667947629,high
SC,telephony,South,10,0.0,0.0,15.305,2.0233391203703706,15.305,0.06280688038818874,0.11494532934395214,1.0771816898252706,16.38218168982527,medium
RJ,bed_bath_table,Central-West,9,0.0,0.0,19.25,1.1175810185185184,19.25,0.0642343094879203,0.1116024787646289,1.071886869726507,20.321886869726505,low
SP,housewares,North,47,0.0425531914893617,0.06521739130434782,26.89,1.7205787037037037,26.89,0.07192974836380855,0.09918144447005646,1.0713452092607507,27.961345209260752,high
RJ,computers_accessories,Southeast,76,0.05263157894736842,0.12162162162162163,15.77,1.6293807870370371,15.77,0.10849825337127057,0.04023133991893617,1.0691427265648454,16.839142726564845,high
SP,telephony,Southeast,2328,0.10841283607979185,0.07117750439367311,11.85,2.2586516203703706,11.85,0.0713225052433875,0.09768644047983457,1.0590122443462728,12.909012244346272,high
RJ,auto,Central-West,2,0.0,0.0,15.825,0.6185300925925926,15.825,0.07850860048523593,0.08546279654592497,1.0553827866115122,16.880382786611513,low
RJ,auto,South,16,0.06666666666666667,0.07142857142857142,17.63,1.6071875,17.63,0.07808795137690804,0.08546279654592497,1.052017593744889,18.682017593744888,medium
RS,garden_tools,Central-West,3,0.0,0.0,49.0,1.5989814814814816,49.0,0.07437656888074982,0.09111215216935545,1.0505733118927758,50.05057331189278,low
PR,watches_gifts,North,3,0.0,0.0,27.14,1.1248958333333334,27.14,0.07437656888074982,0.09098214998685805,1.0499233009802889,28.18992330098029,low
SP,sports_leisure,Southeast,3792,0.09110339300026717,0.07846320346320346,13.84,1.6194212962962964,13.84,0.07848467156726574,0.08414146468090333,1.0485846959426426,14.888584695942642,high
SP,housewares,Southeast,3690,0.1010989010989011,0.06870653685674548,14.13,1.7254050925925926,14.13,0.0688226748257489,0.09918144447005646,1.0464886209562736,15.176488620956274,high
SP,bed_bath_table,South,1173,0.06495726495726496,0.08497854077253218,18.09,1.849201388888889,18.09,0.08485525801455708,0.07268043946805962,1.0422442614567546,19.132244261456755,high
SP,sports_leisure,South,699,0.06330935251798561,0.07703488372093023,17.95,1.6857638888888888,17.95,0.07721481274891909,0.08414146468090333,1.0384258253958694,18.98842582539587,high
RJ,auto,North,2,0.0,0.0,64.46,1.392170138888889,64.46,0.07638674641806739,0.08546279654592497,1.038407954074164,65.49840795407415,low
RS,telephony,North,1,0.0,0.0,38.95,4.722372685185185,38.95,0.07850860048523593,0.08193913711579924,1.0377644894608837,39.987764489460886,low
SP,housewares,South,667,0.07250755287009064,0.06676783004552352,17.76,1.9116145833333333,17.76,0.067473068613067,0.09918144447005646,1.0356917712548181,18.79569177125482,high
PR,furniture_decor,Southeast,712,0.1049645390070922,0.06456241032998565,19.665,1.859386574074074,19.665,0.06533648854845422,0.10182070056256835,1.0317954112004757,20.696795411200476,high
RJ,auto,Southeast,71,0.11267605633802817,0.07246376811594203,15.23,1.5313657407407408,15.23,0.0752529770910432,0.08546279654592497,1.0293377994579704,16.25933779945797,high
SC,bed_bath_table,South,123,0.0975609756097561,0.04878048780487805,18.05,2.540115740740741,18.05,0.05586271909790185,0.11637478898893544,1.0287756977278921,19.07877569772789,high
RJ,furniture_decor,Central-West,4,0.0,0.0,16.29,1.298125,16.29,0.07246947737098701,0.08967372314350126,1.0281244346854024,17.3181244346854,low
SP,garden_tools,Central-West,162,0.08024691358024691,0.06790123456790123,17.89,2.382372685185185,17.89,0.07018431277902788,0.09298103520062254,1.0263796782353358,18.916379678235337,high
SP,sports_leisure,Central-West,334,0.07926829268292683,0.07453416149068323,17.505,1.8012384259259258,17.505,0.07514372441867925,0.08414146468090333,1.0218571187539507,18.52685711875395,high
RS,telephony,Central-West,2,0.0,0.0,22.659999999999997,4.482170138888889,22.659999999999997,0.07638674641806739,0.08193913711579924,1.0207896569235353,23.680789656923533,low
RS,telephony,South,2,0.0,0.0,12.004999999999999,4.939803240740741,12.004999999999999,0.07638674641806739,0.08193913711579924,1.0207896569235353,13.025789656923534,low
PR,housewares,North,4,0.0,0.0,33.875,1.5011574074074074,33.875,0.07246947737098701,0.08813305759669116,1.0204211069513518,34.89542110695135,low
SP,bed_bath_table,North,73,0.1095890410958904,0.0821917808219178,33.15,2.689236111111111,33.15,0.08172508905063419,0.07268043946805962,1.0172029097453716,34.16720290974537,high
RS,auto,Southeast,42,0.14285714285714285,0.023809523809523808,17.92,2.9033796296296295,17.92,0.04969233269439602,0.12302886096171617,1.0126829663637489,18.93268296636375,high
PR,auto,North,2,0.0,0.0,50.305,1.6055150462962962,50.305,0.07638674641806739,0.08020127879952639,1.012100365342171,51.31710036534217,low
SC,bed_bath_table,Southeast,403,0.12437810945273632,0.05063291139240506,22.83,2.008420138888889,22.83,0.05308444097085696,0.11637478898893544,1.006549472711533,23.836549472711532,high
RS,computers_accessories,North,11,0.0,0.0,44.03,1.2203009259259259,44.03,0.06280688038818874,0.0995179866686702,1.0000449764488608,45.03004497644886,medium
MG,housewares,North,12,0.08333333333333333,0.0,36.82,1.713622685185185,36.82,0.061441513423228115,0.10152606165785179,0.9991624156750838,37.81916241567508,medium
RS,computers_accessories,South,122,0.09016393442622951,0.05737704918032787,15.120000000000001,1.6891898148148148,15.120000000000001,0.06258795934693308,0.0995179866686702,0.9982936081188156,16.118293608118815,high
SP,bed_bath_table,Southeast,7492,0.07459488415695728,0.0791113519371444,14.78,1.8280208333333334,14.78,0.0791190925734756,0.07268043946805962,0.9963549379281029,15.776354937928103,high
RJ,telephony,South,3,0.0,0.5,18.23,3.0506076388888888,18.23,0.10341377344509442,0.03326706587145713,0.9936455169180409,19.22364551691804,low
MG,watches_gifts,South,14,0.07142857142857142,0.0,23.105,1.0920659722222221,23.105,0.057679788111601904,0.1061458416513344,0.9921675131494871,24.097167513149486,medium
MG,computers_accessories,North,47,0.10638297872340426,0.06666666666666667,27.89,2.5782291666666666,27.89,0.07282887021835617,0.08151143618139821,0.9901881426538404,28.88018814265384,high
MG,bed_bath_table,Central-West,17,0.0,0.0,17.09,1.4878935185185185,17.09,0.05435210802824026,0.1110357686898475,0.9899957076751595,18.07999570767516,medium
SC,furniture_decor,Central-West,4,0.25,0.0,26.57,1.3688483796296298,26.57,0.07246947737098701,0.08091766942473151,0.9843441660915536,27.554344166091553,low
MG,watches_gifts,Central-West,16,0.1875,0.0,21.865,1.734537037037037,21.865,0.05652619234936987,0.1061458416513344,0.9829387470516309,22.84793874705163,medium
SP,garden_tools,South,494,0.09979633401221996,0.06326530612244897,17.67,2.909097222222222,17.67,0.06443106593803523,0.09298103520062254,0.9803537035073945,18.650353703507395,high
SP,telephony,South,634,0.07301587301587302,0.0592,15.1,2.438790509259259,15.1,0.06034289335980075,0.09768644047983457,0.9711753492775789,16.071175349277578,high
SC,furniture_decor,North,5,0.0,0.0,56.38,1.033622685185185,56.38,0.07065774043671233,0.08091766942473151,0.9698502706173562,57.34985027061736,low
MG,housewares,Southeast,623,0.10016420361247948,0.05638474295190713,18.37,1.5355671296296296,18.37,0.057721488428634005,0.10152606165785179,0.969402215718331,19.339402215718334,high
SP,auto,North,72,0.05714285714285714,0.08571428571428572,27.369999999999997,1.785925925925926,27.369999999999997,0.08406009159493802,0.05826164847633178,0.963788975141163,28.33378897514116,high
RS,telephony,Southeast,6,0.16666666666666666,0.0,19.27,7.769982638888889,19.27,0.0689343809138657,0.08193913711579924,0.9611707328899217,20.23117073288992,low
RS,computers_accessories,Southeast,226,0.10176991150442478,0.05309734513274336,18.235,1.4085069444444445,18.235,0.056805783974975065,0.0995179866686702,0.9520362051431515,19.18703620514315,high
RS,sports_leisure,North,1,0.0,0.0,31.81,1.848912037037037,31.81,0.07850860048523593,0.06475793202476177,0.9518584640056963,32.7618584640057,low
SP,watches_gifts,Southeast,3238,0.06187810945273632,0.08165195460277427,13.69,1.4642534722222222,13.69,0.08164212959696554,0.05938900733503137,0.9500820734508812,14.64008207345088,high
RS,computers_accessories,Central-West,15,0.06666666666666667,0.0,22.43,2.0168518518518517,22.43,0.05652619234936987,0.0995179866686702,0.94979947213831,23.37979947213831,medium
RJ,bed_bath_table,South,24,0.16666666666666666,0.0,16.79,2.7904108796296296,16.79,0.04790355283844904,0.1116024787646289,0.9412408165307369,17.731240816530736,medium
SP,health_beauty,South,714,0.08806818181818182,0.06349206349206349,16.46,1.6150462962962964,16.46,0.06432185387014903,0.0852312442959161,0.9407310524407728,17.400731052440772,high
MG,bed_bath_table,Southeast,257,0.1062992125984252,0.04365079365079365,15.7,2.157881944444444,15.7,0.04817529483438499,0.1110357686898475,0.9405812021243174,16.640581202124316,high
PR,sports_leisure,North,17,0.058823529411764705,0.13333333333333333,42.38,0.9802546296296296,42.38,0.09652619234936986,0.033031110872583085,0.9373650931578743,43.317365093157875,medium
SP,housewares,Central-West,237,0.11814345991561181,0.05128205128205128,18.23,1.9258449074074073,18.23,0.0551163926299944,0.09918144447005646,0.9368383633902375,19.166838363390237,high
PR,garden_tools,Central-West,9,0.2222222222222222,0.0,38.25,2.097962962962963,38.25,0.06572813063880217,0.08203259122870159,0.9359880012539253,39.185988001253925,low
RJ,sports_leisure,Southeast,280,0.09057971014492754,0.05860805860805861,15.46,1.582476851851852,15.46,0.0611243818748977,0.08871477045959845,0.9325689072971739,16.392568907297175,high
RJ,garden_tools,North,1,0.0,0.0,69.02,2.1215046296296296,69.02,0.07850860048523593,0.060806178949509716,0.9320996986294361,69.95209969862944,low
SP,watches_gifts,Central-West,309,0.04560260586319218,0.07894736842105263,17.19,1.720625,17.19,0.07913365668869762,0.05938900733503137,0.9300142901847379,18.120014290184738,high
MG,garden_tools,Northeast,44,0.022727272727272728,0.11363636363636363,50.5,1.207818287037037,50.5,0.09906721034770245,0.025755298894095207,0.9213141772520956,51.42131417725209,high
PR,auto,Central-West,9,0.1111111111111111,0.0,33.58,1.6804166666666667,33.58,0.0642343094879203,0.08020127879952639,0.9148808699009944,34.494880869900996,low
RJ,telephony,Northeast,7,0.0,0.16666666666666666,19.94,5.87021412037037,19.94,0.09332462481630471,0.03326706587145713,0.9129323278877233,20.852932327887725,low
MG,sports_leisure,Central-West,35,0.05714285714285714,0.0,17.58,1.6164814814814814,17.58,0.040375851678121334,0.11745801602210397,0.9102968935354905,18.49029689353549,high
RJ,furniture_decor,South,14,0.21428571428571427,0.0,17.215,1.003611111111111,17.215,0.057679788111601904,0.08967372314350126,0.9098069206103215,18.12480692061032,medium
MG,bed_bath_table,South,30,0.13793103448275862,0.0,22.245,2.444351851851852,22.245,0.04416108777294521,0.1110357686898475,0.9084675456327992,23.1534675456328,high
SP,auto,Southeast,2229,0.06349206349206349,0.07664066085360258,14.52,1.5147222222222223,14.52,0.07670565023372561,0.05826164847633178,0.9049534442514637,15.424953444251463,high
RJ,garden_tools,Northeast,3,0.0,0.0,25.63,1.9132986111111112,25.63,0.07437656888074982,0.060806178949509716,0.8990434457935472,26.529043445793548,low
RJ,housewares,South,24,0.0,0.08695652173913043,18.725,1.6991666666666667,18.725,0.08321223478393955,0.046042844648967254,0.8959121015163527,19.620912101516353,medium
PR,watches_gifts,Central-West,17,0.0,0.0,21.19,0.9562962962962963,21.19,0.05435210802824026,0.09098214998685805,0.8897276141602124,22.079727614160213,medium
RJ,garden_tools,South,4,0.0,0.0,19.19,0.7112962962962963,19.19,0.07246947737098701,0.060806178949509716,0.8837867137154447,20.073786713715446,low
SC,sports_leisure,North,8,0.0,0.125,41.065,2.135480324074074,41.065,0.08898394459229055,0.03430545030528002,0.8833988082647244,41.94839880826472,low
SC,computers_accessories,South,40,0.0,0.0,15.1,0.9108912037037038,15.1,0.03768412823291325,0.11606681808917339,0.881807116309173,15.981807116309172,high
MG,health_beauty,South,34,0.029411764705882353,0.08823529411764706,17.775,1.3033506944444446,17.775,0.08443926981838397,0.04065159893029828,0.8787721531985632,18.653772153198563,high
RS,sports_leisure,Central-West,6,0.0,0.0,23.465,1.4029224537037037,23.465,0.0689343809138657,0.06475793202476177,0.8752647074347344,24.340264707434734,low
MG,auto,Central-West,14,0.21428571428571427,0.0,44.605000000000004,1.968159722222222,44.605000000000004,0.057679788111601904,0.08196334398415608,0.8712550248135956,45.4762550248136,medium
RS,sports_leisure,South,38,0.05405405405405406,0.05405405405405406,15.995000000000001,1.8152314814814814,15.995000000000001,0.06703207802039574,0.06475793202476177,0.8600462842869747,16.855046284286974,high
RJ,housewares,North,1,0.0,0.0,42.52,2.2628587962962965,42.52,0.07850860048523593,0.046042844648967254,0.8582830271267237,43.37828302712673,low
SC,sports_leisure,Central-West,33,0.030303030303030304,0.09090909090909091,25.77,1.0755555555555556,25.77,0.08568102378630138,0.03430545030528002,0.8569754418168112,26.62697544181681,high
MG,watches_gifts,Southeast,87,0.09302325581395349,0.023809523809523808,18.93,1.984351851851852,18.93,0.040557223676205824,0.1061458416513344,0.8551869976663184,19.78518699766632,high
PR,watches_gifts,South,23,0.13636363636363635,0.0,14.54,1.9623032407407406,14.54,0.049584379253833216,0.09098214998685805,0.851585783964956,15.391585783964954,medium
MG,computers_accessories,Central-West,90,0.05555555555555555,0.045454545454545456,18.28,1.4759201388888887,18.28,0.055498452174540594,0.08151143618139821,0.8515447983033158,19.131544798303317,high
RS,watches_gifts,North,1,0.0,0.0,34.36,3.958900462962963,34.36,0.07850860048523593,0.04391252695032341,0.8476314386335045,35.207631438633506,low
RS,watches_gifts,Northeast,1,0.0,0.0,34.36,1.3329513888888889,34.36,0.07850860048523593,0.04391252695032341,0.8476314386335045,35.207631438633506,low
MG,sports_leisure,South,53,0.07547169811320754,0.0,18.54,1.4655324074074074,18.54,0.03211715474396015,0.11745801602210397,0.8442273180622011,19.3842273180622,high
SP,auto,South,451,0.04708520179372197,0.06756756756756757,18.45,1.2403703703703703,18.45,0.0685309177817714,0.05826164847633178,0.83955558463583,19.289555584635828,high
PR,housewares,Central-West,22,0.0,0.0,24.1,1.8423842592592594,24.1,0.049584379253833216,0.08813305759669116,0.8373403220141216,24.937340322014123,medium
RJ,bed_bath_table,Southeast,108,0.12149532710280374,0.018691588785046728,16.11,1.7255208333333334,16.11,0.033988095897665445,0.1116024787646289,0.829917161004468,16.939917161004466,high
MG,housewares,Central-West,61,0.11475409836065574,0.016666666666666666,18.63,1.6027777777777779,18.63,0.04027694334177361,0.10152606165785179,0.8298458550234478,19.459845855023445,high
RJ,housewares,Northeast,3,0.0,0.0,17.98,1.9293402777777777,17.98,0.07437656888074982,0.046042844648967254,0.8252267742908348,18.805226774290837,low
SP,watches_gifts,South,530,0.05860113421550094,0.06500956022944551,16.62,1.4892361111111112,16.62,0.06599697064062454,0.05938900733503137,0.8249208018001533,17.444920801800155,high
PR,housewares,Southeast,265,0.08914728682170543,0.043478260869565216,18.84,2.02615162037037,18.84,0.048008019505098934,0.08813305759669116,0.8247294440242472,19.664729444024246,high
MG,auto,South,41,0.025,0.025,28.22,1.1138599537037037,28.22,0.05101746156624658,0.08196334398415608,0.817956412450753,29.03795641245075,high
RS,watches_gifts,Central-West,3,0.0,0.0,23.56,4.861678240740741,23.56,0.07437656888074982,0.04391252695032341,0.8145751857976157,24.374575185797614,low
RS,housewares,Southeast,93,0.16304347826086957,0.010869565217391304,23.26,2.555416666666667,23.26,0.03012842218479129,0.11467121491713825,0.8143834520640216,24.074383452064023,high
RS,garden_tools,Southeast,29,0.034482758620689655,0.0,21.72,1.557013888888889,21.72,0.04416108777294521,0.09111215216935545,0.8088494630303389,22.528849463030337,medium
MG,auto,Southeast,165,0.0736196319018405,0.04294478527607362,16.18,1.5012152777777779,16.18,0.04962782635085097,0.08196334398415608,0.8068393307275882,16.986839330727587,high
PR,health_beauty,Central-West,28,0.03571428571428571,0.03571428571428571,27.104999999999997,0.9967592592592593,27.104999999999997,0.06073507329315069,0.06354763004144001,0.8036187365524057,27.908618736552402,medium
SC,furniture_decor,Southeast,65,0.046875,0.03225806451612903,18.06,1.1820196759259258,18.06,0.04975576925225251,0.08091766942473151,0.8026345011416776,18.862634501141677,high
PR,garden_tools,South,43,0.13953488372093023,0.023255813953488372,17.95,1.8930439814814815,17.95,0.04905525150600633,0.08203259122870159,0.8026049681915586,18.75260496819156,high
RJ,furniture_decor,Southeast,80,0.0641025641025641,0.02666666666666667,14.809999999999999,1.4947685185185184,14.809999999999999,0.0438755419769863,0.08967372314350126,0.7993729515333967,15.609372951533395,high
RS,watches_gifts,South,4,0.0,0.0,16.009999999999998,3.983200231481481,16.009999999999998,0.07246947737098701,0.04391252695032341,0.7993184537195132,16.809318453719513,low
RJ,health_beauty,Southeast,760,0.042440318302387266,0.07577807848443843,15.795,1.1858738425925925,15.795,0.07600298400189728,0.03814409846992238,0.7987443643647902,16.59374436436479,high
PR,garden_tools,Southeast,138,0.06015037593984962,0.03875968992248062,18.275,1.6192592592592592,18.275,0.047721400106515204,0.08203259122870159,0.7919341569956295,19.06693415699563,high
RS,sports_leisure,Southeast,71,0.06060606060606061,0.046153846153846156,19.93,2.293587962962963,19.93,0.058263096174684934,0.06475793202476177,0.7898944295212883,20.71989442952129,high
PR,auto,South,25,0.16666666666666666,0.0,15.62,1.9572858796296297,15.62,0.04790355283844904,0.08020127879952639,0.7842348167052242,16.404234816705223,medium
MG,health_beauty,North,4,0.0,0.0,38.89,1.4684027777777777,38.89,0.07246947737098701,0.04065159893029828,0.7830138136193875,39.67301381361939,low
SC,housewares,North,4,0.0,0.0,45.1,3.960625,45.1,0.07246947737098701,0.040413899860415346,0.7818253182699728,45.881825318269975,low
RJ,computers_accessories,North,5,0.0,0.0,30.86,1.4560532407407407,30.86,0.07246947737098701,0.04023133991893617,0.7809125185625769,31.640912518562576,low
RJ,telephony,Central-West,2,0.0,0.0,25.15,3.0879166666666666,25.15,0.07638674641806739,0.03326706587145713,0.7774293007018247,25.927429300701824,low
MG,computers_accessories,South,209,0.11650485436893204,0.03902439024390244,19.98,2.6041203703703704,19.98,0.045109623406118717,0.08151143618139821,0.7684341681559408,20.748434168155942,high
SP,auto,Central-West,236,0.04680851063829787,0.05603448275862069,18.23,1.2880902777777778,18.23,0.05927456785568724,0.05826164847633178,0.7655047852271568,18.99550478522716,high
RJ,telephony,Southeast,32,0.0,0.06666666666666667,18.23,2.8049768518518516,18.23,0.07425091719182297,0.03326706587145713,0.7603426668918694,18.99034266689187,high
MG,garden_tools,South,66,0.030303030303030304,0.07692307692307693,50.6,1.4250925925925926,50.6,0.07826309617468494,0.025755298894095207,0.7548812638679555,51.35488126386796,high
PR,watches_gifts,Southeast,97,0.11458333333333333,0.02127659574468085,17.58,1.6219270833333335,17.58,0.037413252848592975,0.09098214998685805,0.754216772723034,18.334216772723032,high
PR,auto,Southeast,100,0.050505050505050504,0.030303030303030304,18.33,1.1579976851851852,18.33,0.043479922518421595,0.08020127879952639,0.7488457741450048,19.078845774145,high
RJ,computers_accessories,South,21,0.0,0.047619047619047616,19.29,1.440011574074074,19.29,0.06832695745479453,0.04023133991893617,0.7477723592330371,20.037772359233035,medium
RJ,housewares,Central-West,11,0.0,0.0,16.74,1.2695023148148148,16.74,0.06280688038818874,0.046042844648967254,0.7326692663503462,17.472669266350344,medium
SC,garden_tools,North,1,0.0,0.0,31.69,0.5157638888888889,31.69,0.07850860048523593,0.02061694417752368,0.7311535247695059,32.42115352476951,low
RJ,health_beauty,North,22,0.045454545454545456,0.045454545454545456,36.42,1.8445543981481483,36.42,0.06712823890295602,0.03814409846992238,0.7277464035732601,37.147746403573265,medium
PR,housewares,South,74,0.10810810810810811,0.013513513513513514,17.275,1.8921527777777778,17.275,0.035103757958426546,0.08813305759669116,0.7214953516508682,17.996495351650868,high
SC,sports_leisure,Southeast,399,0.042606516290726815,0.06766917293233082,17.6,1.3753703703703704,17.6,0.06872421570845275,0.03430545030528002,0.7213209771940221,18.321320977194024,high
SC,garden_tools,Northeast,17,0.0,0.06666666666666667,40.65,0.8810763888888888,40.65,0.07652619234936987,0.02061694417752368,0.7152942596825774,41.36529425968258,medium
SC,housewares,South,88,0.03409090909090909,0.05747126436781609,20.0,1.221111111111111,20.0,0.06415007883170896,0.040413899860415346,0.7152701299557485,20.715270129955748,high
MG,garden_tools,North,5,0.0,0.0,81.43,0.49372685185185183,81.43,0.07065774043671233,0.025755298894095207,0.6940384179641746,82.12403841796419,low
MG,computers_accessories,Southeast,1033,0.08390243902439025,0.033663366336633666,15.79,2.1020601851851852,15.79,0.03524048767221866,0.08151143618139821,0.6894810822847404,16.47948108228474,high
SC,watches_gifts,North,5,0.0,0.0,38.28,1.900451388888889,38.28,0.07065774043671233,0.021892672606064208,0.6747252865240196,38.954725286524024,low
RJ,computers_accessories,Central-West,13,0.0,0.0,19.49,0.6553587962962963,19.49,0.058881450363926946,0.04023133991893617,0.6722083025060964,20.162208302506095,medium
RS,watches_gifts,Southeast,16,0.0,0.0,17.91,3.042644675925926,17.91,0.055417835636637124,0.04391252695032341,0.662905319844714,18.572905319844715,medium
RJ,computers_accessories,Northeast,14,0.0,0.0,36.225,1.4524594907407407,36.225,0.057679788111601904,0.04023133991893617,0.6625950044874961,36.887595004487494,medium
MG,health_beauty,Central-West,16,0.0,0.0,17.880000000000003,1.4893402777777778,17.880000000000003,0.05652619234936987,0.04065159893029828,0.6554675334464504,18.535467533446454,medium
RJ,housewares,Southeast,120,0.05217391304347826,0.043859649122807015,15.26,1.125787037037037,15.26,0.05252556790247311,0.046042844648967254,0.6504187664646212,15.910418766464621,high
SC,watches_gifts,Central-West,8,0.0,0.0,26.700000000000003,1.7355613425925926,26.700000000000003,0.06572813063880217,0.021892672606064208,0.6352884081407384,27.33528840814074,low
MG,garden_tools,Southeast,411,0.022058823529411766,0.060453400503778336,28.89,1.304664351851852,28.89,0.06209793892932521,0.025755298894095207,0.6255600059050778,29.51556000590508,high
SC,watches_gifts,Northeast,10,0.0,0.0,39.055,1.7108391203703706,39.055,0.0642343094879203,0.021892672606064208,0.6233378389336834,39.678337838933686,medium
MG,health_beauty,Northeast,40,0.05,0.025,23.255000000000003,2.0290798611111107,23.255000000000003,0.05101746156624658,0.04065159893029828,0.611397687181464,23.86639768718147,high
PR,health_beauty,South,128,0.09523809523809523,0.024,15.6,1.4637847222222222,15.6,0.036414435109178085,0.06354763004144001,0.6090536310806247,16.209053631080625,high
PR,health_beauty,Southeast,390,0.05912596401028278,0.030848329048843187,17.66,1.3077777777777777,17.66,0.03496771136195399,0.06354763004144001,0.597479841102832,18.257479841102832,high
SC,garden_tools,South,34,0.03571428571428571,0.03571428571428571,17.369999999999997,1.0078993055555556,17.369999999999997,0.06073507329315069,0.02061694417752368,0.5889653072328239,17.95896530723282,high
SC,garden_tools,Central-West,29,0.0,0.03571428571428571,1.2,1.6669560185185186,1.2,0.06073507329315069,0.02061694417752368,0.5889653072328239,1.7889653072328238,medium
SC,housewares,Central-West,25,0.0,0.0,36.51,1.1627199074074075,36.51,0.047105160291141555,0.040413899860415346,0.5789107816312091,37.088910781631206,medium
PR,sports_leisure,Central-West,81,0.012345679012345678,0.0375,25.63,1.1729050925925926,25.63,0.05066356189103038,0.033031110872583085,0.5704640494911585,26.200464049491156,high
MG,garden_tools,Central-West,42,0.023809523809523808,0.024390243902439025,38.25,1.9242418981481482,38.25,0.05034617917721702,0.025755298894095207,0.5315459278882122,38.78154592788821,high
SC,housewares,Southeast,210,0.04285714285714286,0.03333333333333333,22.5,1.0410590277777776,22.5,0.04010738619374895,0.040413899860415346,0.5229285888520683,23.022928588852068,high
SC,garden_tools,Southeast,58,0.0,0.03508771929824561,21.185000000000002,0.9013194444444445,21.185000000000002,0.05245988714639667,0.02061694417752368,0.5227638180587918,21.707763818058794,high
SC,sports_leisure,South,137,0.007462686567164179,0.03007518796992481,15.2,1.3527199074074074,15.2,0.04063279534207437,0.03430545030528002,0.496589614262995,15.696589614262994,high
MG,health_beauty,Southeast,308,0.039473684210526314,0.029900332225913623,15.39,1.21578125,15.39,0.03519735005198956,0.04065159893029828,0.4848367950674079,15.874836795067408,high
SC,watches_gifts,Southeast,166,0.01818181818181818,0.03636363636363636,17.72,2.0764699074074073,17.72,0.04413154808734246,0.021892672606064208,0.4625157477290607,18.18251574772906,high
PR,sports_leisure,Southeast,822,0.031862745098039214,0.030864197530864196,17.950000000000003,1.2091203703703703,17.950000000000003,0.032930543925998215,0.033031110872583085,0.4285999057709011,18.378599905770905,high
SC,watches_gifts,South,70,0.014285714285714285,0.014285714285714285,15.379999999999999,1.9427488425925925,15.379999999999999,0.036441043975890416,0.021892672606064208,0.40099171483744434,15.780991714837443,high
PR,sports_leisure,South,323,0.03115264797507788,0.015723270440251572,15.87,1.1572106481481481,15.87,0.02217084877469828,0.033031110872583085,0.3425223445605017,16.2125223445605,high
