hub,category,region,shipping_cost,late_probability
SP,auto,Central-West,18.23,0.05927456785568724
SP,auto,North,27.369999999999997,0.08406009159493802
SP,auto,Northeast,26.98,0.15842824552731094
SP,auto,South,18.45,0.0685309177817714
SP,auto,Southeast,14.52,0.07670565023372561
SP,bed_bath_table,Central-West,18.09,0.1283085319157038
SP,bed_bath_table,North,33.15,0.08172508905063419
SP,bed_bath_table,Northeast,27.35,0.15244459967578775
SP,bed_bath_table,South,18.09,0.08485525801455708
SP,bed_bath_table,Southeast,14.78,0.0791190925734756
SP,computers_accessories,Central-West,16.11,0.11798005198631617
SP,computers_accessories,North,25.63,0.15365349143173293
SP,computers_accessories,Northeast,22.85,0.13194419437687221
SP,computers_accessories,South,16.24,0.10144979078117708
SP,computers_accessories,Southeast,12.79,0.08717977314690697
SP,furniture_decor,Central-West,17.95,0.10373608342948872
SP,furniture_decor,North,27.84,0.08392488075556971
SP,furniture_decor,Northeast,25.61,0.15988527696040278
SP,furniture_decor,South,17.88,0.08724909665462872
SP,furniture_decor,Southeast,14.0,0.07841365564811908
SP,garden_tools,Central-West,17.89,0.07018431277902788
SP,garden_tools,North,28.82,0.14248565804178906
SP,garden_tools,Northeast,28.79,0.1775261412981261
SP,garden_tools,South,17.67,0.06443106593803523
SP,garden_tools,Southeast,14.44,0.0791431447427384
SP,health_beauty,Central-West,16.735,0.1015201689744381
SP,health_beauty,North,25.765,0.13348719074542978
SP,health_beauty,Northeast,24.72,0.17995664043432238
SP,health_beauty,South,16.46,0.06432185387014903
SP,health_beauty,Southeast,12.19,0.08236451012476056
SP,housewares,Central-West,18.23,0.0551163926299944
SP,housewares,North,26.89,0.07192974836380855
SP,housewares,Northeast,23.92,0.11054349548192319
SP,housewares,South,17.76,0.067473068613067
SP,housewares,Southeast,14.13,0.0688226748257489
SP,sports_leisure,Central-West,17.505,0.07514372441867925
SP,sports_leisure,North,33.25,0.11500844914495802
SP,sports_leisure,Northeast,24.52,0.11973682995564665
SP,sports_leisure,South,17.95,0.07721481274891909
SP,sports_leisure,Southeast,13.84,0.07848467156726574
SP,telephony,Central-West,15.23,0.08104186944717175
SP,telephony,North,25.63,0.11621178776215119
SP,telephony,Northeast,21.15,0.15833566776732352
SP,telephony,South,15.1,0.06034289335980075
SP,telephony,Southeast,11.85,0.0713225052433875
SP,watches_gifts,Central-West,17.19,0.07913365668869762
SP,watches_gifts,North,26.6,0.10839938094156502
SP,watches_gifts,Northeast,22.91,0.13163544419857132
SP,watches_gifts,South,16.62,0.06599697064062454
SP,watches_gifts,Southeast,13.69,0.08164212959696554
PR,auto,Central-West,33.58,0.0642343094879203
PR,auto,North,50.305,0.07638674641806739
PR,auto,Northeast,33.114999999999995,0.09106244561261308
PR,auto,South,15.62,0.04790355283844904
PR,auto,Southeast,18.33,0.043479922518421595
PR,bed_bath_table,Central-West,33.43,0.09110260993972603
PR,bed_bath_table,North,48.655,0.07638674641806739
PR,bed_bath_table,Northeast,44.29,0.09811050301201266
PR,bed_bath_table,South,18.83,0.10038690613924255
PR,bed_bath_table,Southeast,23.85,0.22909913093719705
PR,computers_accessories,Central-West,27.395000000000003,0.06563759247565859
PR,computers_accessories,North,42.93,0.050469814597651666
PR,computers_accessories,Northeast,42.92,0.1644398668906217
PR,computers_accessories,South,15.34,0.07153682564658265
PR,computers_accessories,Southeast,15.17,0.09146088152180522
PR,furniture_decor,Central-West,26.84,0.07282887021835617
PR,furniture_decor,North,38.45,0.10054811703059362
PR,furniture_decor,Northeast,34.15,0.19021924681223742
PR,furniture_decor,South,17.115,0.07459578306362252
PR,furniture_decor,Southeast,19.665,0.06533648854845422
PR,garden_tools,Central-West,38.25,0.06572813063880217
PR,garden_tools,North,47.61,0.09110260993972603
PR,garden_tools,Northeast,33.895,0.09281364648977872
PR,garden_tools,South,17.95,0.04905525150600633
PR,garden_tools,Southeast,18.275,0.047721400106515204
PR,health_beauty,Central-West,27.104999999999997,0.06073507329315069
PR,health_beauty,North,30.174999999999997,0.10268743866954241
PR,health_beauty,Northeast,31.98,0.1278130139436939
PR,health_beauty,South,15.6,0.036414435109178085
PR,health_beauty,Southeast,17.66,0.03496771136195399
PR,housewares,Central-West,24.1,0.049584379253833216
PR,housewares,North,33.875,0.07246947737098701
PR,housewares,Northeast,47.79,0.09565774043671234
PR,housewares,South,17.275,0.035103757958426546
PR,housewares,Southeast,18.84,0.048008019505098934
PR,sports_leisure,Central-West,25.63,0.05066356189103038
PR,sports_leisure,North,42.38,0.09652619234936986
PR,sports_leisure,Northeast,36.44,0.12235672227848224
PR,sports_leisure,South,15.87,0.02217084877469828
PR,sports_leisure,Southeast,17.950000000000003,0.032930543925998215
PR,telephony,Central-West,17.66,0.07638674641806739
PR,telephony,North,26.01,0.07437656888074982
PR,telephony,Northeast,39.1,0.10268743866954241
PR,telephony,South,14.934999999999999,0.07808795137690804
PR,telephony,Southeast,16.64,0.05611987927288946
PR,watches_gifts,Central-West,21.19,0.05435210802824026
PR,watches_gifts,North,27.14,0.07437656888074982
PR,watches_gifts,Northeast,35.19,0.09551327241751628
PR,watches_gifts,South,14.54,0.049584379253833216
PR,watches_gifts,Southeast,17.58,0.037413252848592975
MG,auto,Central-West,44.605000000000004,0.057679788111601904
MG,auto,North,62.64,0.09110260993972603
MG,auto,Northeast,27.634999999999998,0.1297986708451249
MG,auto,South,28.22,0.05101746156624658
MG,auto,Southeast,16.18,0.04962782635085097
MG,bed_bath_table,Central-West,17.09,0.05435210802824026
MG,bed_bath_table,North,29.91,0.09565774043671234
MG,bed_bath_table,Northeast,25.25,0.08321223478393955
MG,bed_bath_table,South,22.245,0.04416108777294521
MG,bed_bath_table,Southeast,15.7,0.04817529483438499
MG,computers_accessories,Central-West,18.28,0.055498452174540594
MG,computers_accessories,North,27.89,0.07282887021835617
MG,computers_accessories,Northeast,22.134999999999998,0.08518692134601127
MG,computers_accessories,South,19.98,0.045109623406118717
MG,computers_accessories,Southeast,15.79,0.03524048767221866
MG,furniture_decor,Central-West,17.73,0.05978608777294521
MG,furniture_decor,North,128.535,0.07638674641806739
MG,furniture_decor,Northeast,24.55,0.1611555393203097
MG,furniture_decor,South,26.89,0.0530363694227307
MG,furniture_decor,Southeast,17.97,0.05935024251652321
MG,garden_tools,Central-West,38.25,0.05034617917721702
MG,garden_tools,North,81.43,0.07065774043671233
MG,garden_tools,Northeast,50.5,0.09906721034770245
MG,garden_tools,South,50.6,0.07826309617468494
MG,garden_tools,Southeast,28.89,0.06209793892932521
MG,health_beauty,Central-West,17.880000000000003,0.05652619234936987
MG,health_beauty,North,38.89,0.07246947737098701
MG,health_beauty,Northeast,23.255000000000003,0.05101746156624658
MG,health_beauty,South,17.775,0.08443926981838397
MG,health_beauty,Southeast,15.39,0.03519735005198956
MG,housewares,Central-West,18.63,0.04027694334177361
MG,housewares,North,36.82,0.061441513423228115
MG,housewares,Northeast,31.28,0.1076379221642499
MG,housewares,South,23.98,0.09942875672456196
MG,housewares,Southeast,18.37,0.057721488428634005
MG,sports_leisure,Central-West,17.58,0.040375851678121334
MG,sports_leisure,North,34.18,0.11771486871874375
MG,sports_leisure,Northeast,22.85,0.06132957492072098
MG,sports_leisure,South,18.54,0.03211715474396015
MG,sports_leisure,Southeast,15.7,0.10608281316248223
MG,telephony,Central-West,15.945,0.07437656888074982
MG,telephony,North,16.11,0.08075170335624267
MG,telephony,Northeast,17.13,0.07065774043671233
MG,telephony,South,16.79,0.07437656888074982
MG,telephony,Southeast,15.1,0.15690303793432597
MG,watches_gifts,Central-West,21.865,0.05652619234936987
MG,watches_gifts,North,37.4,0.10341377344509442
MG,watches_gifts,Northeast,23.46,0.08937610402719433
MG,watches_gifts,South,23.105,0.057679788111601904
MG,watches_gifts,Southeast,18.93,0.040557223676205824
RJ,auto,Central-West,15.825,0.07850860048523593
RJ,auto,North,64.46,0.07638674641806739
RJ,auto,Northeast,25.63,0.09281364648977872
RJ,auto,South,17.63,0.07808795137690804
RJ,auto,Southeast,15.23,0.0752529770910432
RJ,bed_bath_table,Central-West,19.25,0.0642343094879203
RJ,bed_bath_table,North,44.2,0.07850860048523593
RJ,bed_bath_table,Northeast,31.445,0.0689343809138657
RJ,bed_bath_table,South,16.79,0.04790355283844904
RJ,bed_bath_table,Southeast,16.11,0.033988095897665445
RJ,computers_accessories,Central-West,19.49,0.058881450363926946
RJ,computers_accessories,North,30.86,0.07246947737098701
RJ,computers_accessories,Northeast,36.225,0.057679788111601904
RJ,computers_accessories,South,19.29,0.06832695745479453
RJ,computers_accessories,Southeast,15.77,0.10849825337127057
RJ,furniture_decor,Central-West,16.29,0.07246947737098701
RJ,furniture_decor,North,71.44,0.10341377344509442
RJ,furniture_decor,Northeast,21.15,0.07971478369726027
RJ,furniture_decor,South,17.215,0.057679788111601904
RJ,furniture_decor,Southeast,14.809999999999999,0.0438755419769863
RJ,garden_tools,Central-West,16.11,0.08075170335624267
RJ,garden_tools,North,69.02,0.07850860048523593
RJ,garden_tools,Northeast,25.63,0.07437656888074982
RJ,garden_tools,South,19.19,0.07246947737098701
RJ,garden_tools,Southeast,15.105,0.12609013739240704
RJ,health_beauty,Central-West,18.94,0.11350716475635834
RJ,health_beauty,North,36.42,0.06712823890295602
RJ,health_beauty,Northeast,34.78,0.1158305438864726
RJ,health_beauty,South,18.799999999999997,0.12465950781446498
RJ,health_beauty,Southeast,15.795,0.07600298400189728
RJ,housewares,Central-West,16.74,0.06280688038818874
RJ,housewares,North,42.52,0.07850860048523593
RJ,housewares,Northeast,17.98,0.07437656888074982
RJ,housewares,South,18.725,0.08321223478393955
RJ,housewares,Southeast,15.26,0.05252556790247311
RJ,sports_leisure,Central-West,16.61,0.1176949934046292
RJ,sports_leisure,North,28.67,0.10069235835443403
RJ,sports_leisure,Northeast,25.6,0.13173596443982824
RJ,sports_leisure,South,19.32,0.11838927249962039
RJ,sports_leisure,Southeast,15.46,0.0611243818748977
RJ,telephony,Central-West,25.15,0.07638674641806739
RJ,telephony,North,16.11,0.08075170335624267
RJ,telephony,Northeast,19.94,0.09332462481630471
RJ,telephony,South,18.23,0.10341377344509442
RJ,telephony,Southeast,18.23,0.07425091719182297
RJ,watches_gifts,Central-West,17.34,0.06894728024954991
RJ,watches_gifts,North,27.9,0.05435210802824026
RJ,watches_gifts,Northeast,23.63,0.16385379849147513
RJ,watches_gifts,South,16.86,0.10373955804796924
RJ,watches_gifts,Southeast,15.115,0.07640920005168193
SC,auto,Central-West,73.76,0.09332462481630471
SC,auto,North,84.44,0.09811050301201266
SC,auto,Northeast,104.595,0.09281364648977872
SC,auto,South,21.52,0.08751678996754479
SC,auto,Southeast,41.43,0.15157159456575342
SC,bed_bath_table,Central-West,41.33,0.07652619234936987
SC,bed_bath_table,North,38.14,0.07850860048523593
SC,bed_bath_table,Northeast,53.3,0.08937610402719433
SC,bed_bath_table,South,18.05,0.05586271909790185
SC,bed_bath_table,Southeast,22.83,0.05308444097085696
SC,computers_accessories,Central-West,25.63,0.10968885494246576
SC,computers_accessories,North,36.82,0.08075170335624267
SC,computers_accessories,Northeast,42.38,0.06572813063880217
SC,computers_accessories,South,15.1,0.03768412823291325
SC,computers_accessories,Southeast,16.79,0.07005007632911502
SC,furniture_decor,Central-West,26.57,0.07246947737098701
SC,furniture_decor,North,56.38,0.07065774043671233
SC,furniture_decor,Northeast,34.15,0.08696158221519303
SC,furniture_decor,South,16.52,0.08937610402719433
SC,furniture_decor,Southeast,18.06,0.04975576925225251
SC,garden_tools,Central-West,1.2,0.06073507329315069
SC,garden_tools,North,31.69,0.07850860048523593
SC,garden_tools,Northeast,40.65,0.07652619234936987
SC,garden_tools,South,17.369999999999997,0.06073507329315069
SC,garden_tools,Southeast,21.185000000000002,0.05245988714639667
SC,health_beauty,Central-West,37.43,0.0877510839539726
SC,health_beauty,North,73.14,0.09110260993972603
SC,health_beauty,Northeast,46.65,0.0818018579231948
SC,health_beauty,South,15.48,0.0508032591312473
SC,health_beauty,Southeast,18.5,0.05609486848429271
SC,housewares,Central-West,36.51,0.047105160291141555
SC,housewares,North,45.1,0.07246947737098701
SC,housewares,Northeast,54.129999999999995,0.1176949934046292
SC,housewares,South,20.0,0.06415007883170896
SC,housewares,Southeast,22.5,0.04010738619374895
SC,sports_leisure,Central-West,25.77,0.08568102378630138
SC,sports_leisure,North,41.065,0.08898394459229055
SC,sports_leisure,Northeast,30.865,0.13532887021835616
SC,sports_leisure,South,15.2,0.04063279534207437
SC,sports_leisure,Southeast,17.6,0.06872421570845275
SC,telephony,Central-West,30.1,0.07246947737098701
SC,telephony,North,87.34,0.07638674641806739
SC,telephony,Northeast,42.97,0.1664953565236218
SC,telephony,South,15.305,0.06280688038818874
SC,telephony,Southeast,16.79,0.10038690613924255
SC,watches_gifts,Central-West,26.700000000000003,0.06572813063880217
SC,watches_gifts,North,38.28,0.07065774043671233
SC,watches_gifts,Northeast,39.055,0.0642343094879203
SC,watches_gifts,South,15.379999999999999,0.036441043975890416
SC,watches_gifts,Southeast,17.72,0.04413154808734246
RS,auto,Central-West,37.965,0.06572813063880217
RS,auto,North,16.11,0.08075170335624267
RS,auto,Northeast,29.585,0.09811050301201266
RS,auto,South,15.105,0.08141084292486156
RS,auto,Southeast,17.92,0.04969233269439602
RS,bed_bath_table,Central-West,23.215,0.07638674641806739
RS,bed_bath_table,North,16.11,0.08075170335624267
RS,bed_bath_table,Northeast,29.8,0.07850860048523593
RS,bed_bath_table,South,16.215,0.05435210802824026
RS,bed_bath_table,Southeast,31.68,0.10502014796105374
RS,computers_accessories,Central-West,22.43,0.05652619234936987
RS,computers_accessories,North,44.03,0.06280688038818874
RS,computers_accessories,Northeast,40.585,0.14469360028636874
RS,computers_accessories,South,15.120000000000001,0.06258795934693308
RS,computers_accessories,Southeast,18.235,0.056805783974975065
RS,furniture_decor,Central-West,20.74,0.12700814782811826
RS,furniture_decor,North,26.3,0.07850860048523593
RS,furniture_decor,Northeast,41.195,0.07638674641806739
RS,furniture_decor,South,16.015,0.07502567877389203
RS,furniture_decor,Southeast,20.939999999999998,0.06109252680339865
RS,garden_tools,Central-West,49.0,0.07437656888074982
RS,garden_tools,North,16.11,0.08075170335624267
RS,garden_tools,Northeast,49.135,0.10341377344509442
RS,garden_tools,South,17.85,0.10968885494246576
RS,garden_tools,Southeast,21.72,0.04416108777294521
RS,health_beauty,Central-West,30.83,0.06572813063880217
RS,health_beauty,North,41.29,0.07065774043671233
RS,health_beauty,Northeast,31.82,0.12065774043671233
RS,health_beauty,South,14.55,0.09101746156624659
RS,health_beauty,Southeast,17.75,0.04587645368085428
RS,housewares,Central-West,44.61,0.07437656888074982
RS,housewares,North,44.61,0.07850860048523593
RS,housewares,Northeast,34.97,0.13384920818565674
RS,housewares,South,16.825,0.08097531759145406
RS,housewares,Southeast,23.26,0.03012842218479129
RS,sports_leisure,Central-West,23.465,0.0689343809138657
RS,sports_leisure,North,31.81,0.07850860048523593
RS,sports_leisure,Northeast,30.22,0.11491213374924984
RS,sports_leisure,South,15.995000000000001,0.06703207802039574
RS,sports_leisure,Southeast,19.93,0.058263096174684934
RS,telephony,Central-West,22.659999999999997,0.07638674641806739
RS,telephony,North,38.95,0.07850860048523593
RS,telephony,Northeast,40.94,0.10069235835443403
RS,telephony,South,12.004999999999999,0.07638674641806739
RS,telephony,Southeast,19.27,0.0689343809138657
RS,watches_gifts,Central-West,23.56,0.07437656888074982
RS,watches_gifts,North,34.36,0.07850860048523593
RS,watches_gifts,Northeast,34.36,0.07850860048523593
RS,watches_gifts,South,16.009999999999998,0.07246947737098701
RS,watches_gifts,Southeast,17.91,0.055417835636637124
